text,label
"Leaves have many small brown spots with a yellow halo","SYMPTOM_DESCRIPTION"
"Small round brown lesions all over the leaf blade","SYMPTOM_DESCRIPTION"
"White narrow lines along the veins, like someone scraped the leaf","SYMPTOM_DESCRIPTION"
"Central tillers are dry and can be pulled out easily","SYMPTOM_DESCRIPTION"
"Leaf tips turning yellow and then drying back towards the base","SYMPTOM_DESCRIPTION"
"Leaves show spindle shaped grey spots with brown borders","SYMPTOM_DESCRIPTION"
"‡∂ö‡∑ú‡∑Ö‡∑ö ‡∂ß‡∑í‡∂ö ‡∂ß‡∑í‡∂ö ‡∂ö‡∂Ω‡∑î ‡∂¥‡∑ê‡∂Ω‡∑ä‡∂Ω‡∂∏‡∑ä ‡∂≠‡∑í‡∂∫‡∑ô‡∂±‡∑Ä‡∑è","SYMPTOM_DESCRIPTION"
"‡∂¥‡∑ú‡∂≠‡∑ö ‡∂∏‡∑ê‡∂Ø‡∑ä‡∂Ø‡∑ô‡∂±‡∑ä ‡∂ö‡∑Ñ ‡∂¥‡∑ê‡∂Ω‡∑ä‡∂Ω‡∂∏‡∑ä ‡∑É‡∑Ñ ‡∂â‡∂ª‡∑ì‡∂∏‡∑ä ‡∂≠‡∑í‡∂∫‡∑ô‡∂±‡∑Ä‡∑è","SYMPTOM_DESCRIPTION"
"Leaves are yellow-orange and plants are stunted and droopy","SYMPTOM_DESCRIPTION"
"On the underside of the leaf there is a white downy growth","SYMPTOM_DESCRIPTION"
"There are many tiny holes and scraped areas on the top of the leaf","SYMPTOM_DESCRIPTION"
"Some leaves look burnt from the tip, as if scorched","SYMPTOM_DESCRIPTION"
"Brown spots are bigger in the middle of the leaf and some have grey centres","SYMPTOM_DESCRIPTION"
"The field looks patchy, some clumps very yellow and short","SYMPTOM_DESCRIPTION"
"‡∂¥‡∑Ö‡∑î ‡∂ö‡∑ú‡∑Ö‡∑Ä‡∂ß ‡∂ö‡∑Ñ ‡∂¥‡∑ê‡∂Ω‡∑ä‡∂Ω‡∂∏‡∑ä ‡∑É‡∑Ñ ‡∂ö‡∂Ω‡∑è‡∂¥‡∂∫‡∂ö‡∑ä ‡∑Ä‡∂ú‡∑ö ‡∂≠‡∑í‡∂∫‡∑ô‡∂±‡∑Ä‡∑è","SYMPTOM_DESCRIPTION"
"Thin white streaks running parallel to the veins on most leaves","SYMPTOM_DESCRIPTION"
"Seedlings in the nursery have brown blighted leaves and poor stand","SYMPTOM_DESCRIPTION"
"Leaves curling and drying early with pale yellow angular patches","SYMPTOM_DESCRIPTION"
"Leaves are mostly healthy green, I don‚Äôt see any clear spots","SYMPTOM_DESCRIPTION"
"Neck region of the panicle turning brown and breaking, grains empty","SYMPTOM_DESCRIPTION"
"Rainy and humid, and leaves have white spots appearing on upper half","SYMPTOM_DESCRIPTION"
"During a dry spell leaves developed many brown lesions","SYMPTOM_DESCRIPTION"
"In nursery, seedlings show brown blight on the leaves","SYMPTOM_DESCRIPTION"
"At booting stage we see grey spindle lesions near the neck","SYMPTOM_DESCRIPTION"
"Grains are not filling properly, plants look yellow","SYMPTOM_DESCRIPTION"
"Field edges have stunted yellow clumps with spotted leaves","SYMPTOM_DESCRIPTION"
"Some hills are completely dried in the middle, outer leaves still green","SYMPTOM_DESCRIPTION"
"‡∂ö‡∑ú‡∑Ö‡∑ö ‡∂â‡∑Ñ‡∑Ö ‡∂¥‡∑ê‡∂≠‡∑ä‡∂≠‡∑ô‡∂±‡∑ä ‡∂ö‡∑Ñ ‡∑Ä‡∑ô‡∂±‡∑Ä‡∑è ‡∂¥‡∑É‡∑î‡∑Ä ‡∑Ä‡∂ß‡∑í‡∂±‡∑ä ‡∑Ä‡∑í‡∂∫‡∂Ω‡∑ô‡∂Ω‡∑è ‡∂∫‡∂±‡∑Ä‡∑è","SYMPTOM_DESCRIPTION"
"Thin white streaks and skeletonised leaves all over the field","SYMPTOM_DESCRIPTION"
"Small brown spots started in nursery and now more in main field","SYMPTOM_DESCRIPTION"
"Leaves have long water-soaked streaks from tip to base","SYMPTOM_DESCRIPTION"
"Leaf surface looks scraped and silvery, very thin tissue left","SYMPTOM_DESCRIPTION"
"Leaves are mottled yellow and green with rusty dots","SYMPTOM_DESCRIPTION"
"Spots are mostly on the lower leaves near the base","SYMPTOM_DESCRIPTION"
"Brown lesions with yellow halo spreading upward on the leaf","SYMPTOM_DESCRIPTION"
"Leaves in the centre of the hill are dry but outer leaves look ok","SYMPTOM_DESCRIPTION"
"Young leaves appear twisted and pale with some brown edges","SYMPTOM_DESCRIPTION"
"Panicles are short and many spikelets are empty","SYMPTOM_DESCRIPTION"
"‡∂ª‡∑ú‡∂Ø‡∑î ‡∂á‡∂≥‡∑î‡∂´‡∑î ‡∑Ä‡∂ú‡∑ö ‡∂∏‡∑ê‡∑ê‡∑É‡∑ä‡∑É‡∑ì‡∂∏‡∂ö‡∑ä ‡∂≠‡∑í‡∂∫‡∑ô‡∂±‡∑Ä‡∑è ‡∂ö‡∑ú‡∑Ö‡∑ô ‡∂∏‡∂≠‡∑î‡∂¥‡∑í‡∂ß","SYMPTOM_DESCRIPTION"
"What disease is this?","ASK_DIAGNOSIS"
"Can you tell me what disease this could be?","ASK_DIAGNOSIS"
"Which disease is causing these symptoms?","ASK_DIAGNOSIS"
"‡∂∏‡∑ö‡∂ö ‡∂∏‡∑ú‡∂± ‡∑Ä‡∑ä‚Äç‡∂∫‡∑è‡∂∞‡∑í‡∂∫‡∂Ø?","ASK_DIAGNOSIS"
"‡∂∏‡∑ö ‡∂ö‡∑ú‡∑Ö ‡∑Ä‡∂Ω ‡∂≠‡∑í‡∂∫‡∑ô‡∂± ‡∂¥‡∑ä‚Äç‡∂ª‡∑Å‡∑ä‡∂±‡∂∫ ‡∂∏‡∑ú‡∂ö‡∂ö‡∑ä ‡∂Ø?","ASK_DIAGNOSIS"
"What problem is affecting my paddy leaves?","ASK_DIAGNOSIS"
"Can you identify the disease from these symptoms?","ASK_DIAGNOSIS"
"‡∂í‡∂ö rice disease ‡∂ë‡∂ö‡∂ö‡∑ä ‡∂Ø?","ASK_DIAGNOSIS"
"Is this blast or brown spot?","ASK_DIAGNOSIS"
"Do you think this is tungro?","ASK_DIAGNOSIS"
"Could this be hispa attack?","ASK_DIAGNOSIS"
"Is this normal or a disease?","ASK_DIAGNOSIS"
"What disease is causing these white lines on the leaves?","ASK_DIAGNOSIS"
"From these brown eye-shaped spots, what do you think the disease is?","ASK_DIAGNOSIS"
"‡∂∏‡∑ö ‡∂ª‡∂≠‡∑î-‡∂ö‡∑Ñ ‡∂¥‡∑ê‡∂Ω‡∑ä‡∂Ω‡∂∏‡∑ä ‡∑Ä‡∂Ω‡∂ß ‡∑Ñ‡∑ö‡∂≠‡∑î‡∑Ä ‡∂∏‡∑ú‡∂± ‡∑Ä‡∑ä‚Äç‡∂∫‡∑è‡∂∞‡∑í‡∂∫ ‡∑Ä‡∑ô‡∂±‡∑ä‡∂±‡∑ô?","ASK_DIAGNOSIS"
"Based on these symptoms, can you name the disease?","ASK_DIAGNOSIS"
"I think it might be blast but not sure","ASK_DIAGNOSIS"
"Not sure if it is blast or brown spot, please guide","ASK_DIAGNOSIS"
"‡∂∏‡∑ö‡∂ö normal ‡∂Ø ‡∂±‡∑ê‡∂Ø‡∑ä‡∂Ø ‡∂ö‡∑í‡∂∫‡∂Ω‡∑è ‡∂∂‡∂Ω‡∂Ω‡∑è ‡∂ö‡∑í‡∂∫‡∂±‡∑ä‡∂±","ASK_DIAGNOSIS"
"Is my crop healthy or is there a disease starting?","ASK_DIAGNOSIS"
"Explain what disease this looks like","ASK_DIAGNOSIS"
"Which rice disease does this resemble?","ASK_DIAGNOSIS"
"Is this something serious or a minor leaf spot?","ASK_DIAGNOSIS"
"Could this be due to tungro virus?","ASK_DIAGNOSIS"
"Is it more like hispa or brown spot?","ASK_DIAGNOSIS"
"Disease name please","ASK_DIAGNOSIS"
"What is the likely disease here?","ASK_DIAGNOSIS"
"Diagnosis?","ASK_DIAGNOSIS"
"Which disease?","ASK_DIAGNOSIS"
"How do I treat this disease?","ASK_TREATMENT"
"What should I do to control this problem?","ASK_TREATMENT"
"How can I control this on my field?","ASK_TREATMENT"
"‡∂∏‡∂ß ‡∂∏‡∑ö‡∂ö ‡∂ö‡∑ú‡∑Ñ‡∑ú‡∂∏‡∂Ø ‡∑É‡∑ì‡∂ù‡∑ä‚Äç‡∂ª‡∂∫‡∑ô‡∂±‡∑ä ‡∑Ñ‡∑ú‡∂≥ ‡∂ö‡∂ª‡∂ú‡∂±‡∑ä‡∂±‡∑ô?","ASK_TREATMENT"
"‡∂∏‡∂ß spray ‡∂ö‡∂ª‡∂±‡∑ä‡∂± ‡∂≠‡∑í‡∂∫‡∑ô‡∂±‡∑ä‡∂±‡∑ö ‡∂∏‡∑ú‡∂ö‡∂ö‡∑ä‡∂Ø?","ASK_TREATMENT"
"What pesticide should I spray for this?","ASK_TREATMENT"
"Is there any chemical to control this disease?","ASK_TREATMENT"
"Can I use a fungicide for this?","ASK_TREATMENT"
"Tell me the best way to treat it now","ASK_TREATMENT"
"I need treatment recommendation for this","ASK_TREATMENT"
"‡∑Ä‡∑ê‡∂©‡∑í ‡∑Ñ‡∑è‡∂±‡∑í‡∂∫ ‡∑Ä‡∑ô‡∂±‡∑ä‡∂ß ‡∂¥‡∑ô‡∂ª ‡∂∏‡∑ú‡∂ö‡∂Ø ‡∂ö‡∂ª‡∂±‡∑ä ‡∂≠‡∑í‡∂∫‡∑ô‡∂±‡∑ä‡∂±‡∑ô?","ASK_TREATMENT"
"What can I do immediately in the field to reduce damage?","ASK_TREATMENT"
"How do I treat this, it is spreading fast","ASK_TREATMENT"
"Which spray should I use to control this disease quickly?","ASK_TREATMENT"
"Any organic way to control this problem?","ASK_TREATMENT"
"Can I manage this only with cultural practices?","ASK_TREATMENT"
"Simple steps to control this disease?","ASK_TREATMENT"
"Show me how to control this step by step","ASK_TREATMENT"
"Please give me a simple control plan","ASK_TREATMENT"
"Can you give me field management steps for this problem?","ASK_TREATMENT"
"I want to know how to stop it from spreading","ASK_TREATMENT"
"Control measures?","ASK_TREATMENT"
"Treatment?","ASK_TREATMENT"
"Spray?","ASK_TREATMENT"
"Chemical control options?","ASK_TREATMENT"
"Give me immediate treatment options","ASK_TREATMENT"
"Quick fix for this disease?","ASK_TREATMENT"
"How can I prevent this next season?","ASK_PREVENTION"
"What should I do to avoid this disease in future?","ASK_PREVENTION"
"Next crop, how do I make sure this doesn‚Äôt come again?","ASK_PREVENTION"
"‡∂∏‡∑ì‡∂Ω‡∂ü ‡∂ö‡∂±‡∑ä‡∂±‡∂∫‡∂ß ‡∂∏‡∑ö‡∂ö ‡∂±‡∑ê‡∂≠‡∑í‡∑Ä‡∑ô‡∂±‡∑ä‡∂± ‡∂ö‡∑ú‡∑Ñ‡∑ú‡∂∏‡∂Ø ‡∑Ä‡∂ú‡∑è ‡∂ö‡∂ª‡∂ú‡∂±‡∑ä‡∂±‡∑ô?","ASK_PREVENTION"
"How to stop this disease from coming back every year?","ASK_PREVENTION"
"What preventive measures should I take?","ASK_PREVENTION"
"Any long term way to prevent this problem?","ASK_PREVENTION"
"How to protect seedlings from getting this disease?","ASK_PREVENTION"
"‡∂ö‡∑ä‚Äç‡∂ª‡∂∏‡∑Ä‡∂≠‡∑ä ‡∂Ü‡∂ª‡∂ö‡∑ä‡∑Ç‡∂´ ‡∂¥‡∑í‡∂∫‡∑Ä‡∂ª ‡∂∏‡∑ú‡∂±‡∑Ä‡∂Ø?","ASK_PREVENTION"
"How to avoid this problem when the weather is very wet?","ASK_PREVENTION"
"If this is tungro, how to stop it spreading next crop?","ASK_PREVENTION"
"What can I change in fertiliser and water management to avoid this?","ASK_PREVENTION"
"Seed selection steps to prevent this disease?","ASK_PREVENTION"
"‡∂∏‡∑ö ‡∑Ä‡∑ä‚Äç‡∂∫‡∑è‡∂∞‡∑í‡∂∫ ‡∂±‡∑ê‡∑Ä‡∂≠ ‡∂±‡∑ê‡∑Ä‡∂≠ ‡∂ë‡∂±‡∑ä‡∂± ‡∂ë‡∂¥‡∑è ‡∂ö‡∑í‡∂∫‡∂Ω‡∑è ‡∂∏‡∑ú‡∂ö‡∂ö‡∑ä‡∂Ø ‡∂ö‡∂ª‡∂±‡∑ä‡∂±‡∑ô?","ASK_PREVENTION"
"How to prevent this disease in future wet seasons?","ASK_PREVENTION"
"Prevention tips?","ASK_PREVENTION"
"Preventions?","ASK_PREVENTION"
"How do I reduce the chance of this disease again?","ASK_PREVENTION"
"Preventive plan for next season please","ASK_PREVENTION"
"Long term management to avoid this disease?","ASK_PREVENTION"
"Preventing this disease in nursery stage?","ASK_PREVENTION"
"Preventive measures before planting?","ASK_PREVENTION"
"What causes this disease?","ASK_CAUSE"
"Is this caused by a fungus or an insect?","ASK_CAUSE"
"Is this a virus problem?","ASK_CAUSE"
"‡∂∏‡∑ö‡∂ö‡∂ß ‡∑Ñ‡∑ö‡∂≠‡∑î‡∑Ä ‡∑Ä‡∑ô‡∂±‡∑ä‡∂±‡∑ö ‡∂ö‡∑î‡∂∏‡∂± ‡∂¢‡∑ì‡∑Ä‡∑í‡∂∫‡∑è ‡∂Ø?","ASK_CAUSE"
"Why is this happening to my field?","ASK_CAUSE"
"Why are these brown spots appearing on the leaves?","ASK_CAUSE"
"Is it because of too much nitrogen fertiliser?","ASK_CAUSE"
"Is poor drainage causing this disease?","ASK_CAUSE"
"Could the seed be the cause of this problem?","ASK_CAUSE"
"Does rainy weather cause this to spread fast?","ASK_CAUSE"
"‡∂∏‡∑ö‡∂ö‡∂ß ‡∑Ñ‡∑ö‡∂≠‡∑î‡∑Ä ‡∑Ä‡∑ê‡∑É‡∑í‡∂Ø, ‡∑Ä‡∑í‡∂∫‡∑Ö‡∑í ‡∂ö‡∑è‡∂Ω ‡∂Ø?","ASK_CAUSE"
"Is this problem due to insects scraping the leaves?","ASK_CAUSE"
"Is this disease coming from the previous crop residues?","ASK_CAUSE"
"Could grassy weeds on the bund be harbouring the pest?","ASK_CAUSE"
"Is the insect laying eggs on the leaves causing this?","ASK_CAUSE"
"Does continuous rice without rotation cause this disease?","ASK_CAUSE"
"Is poor soil fertility the main reason for this problem?","ASK_CAUSE"
"Explain the main cause and favourable conditions","ASK_CAUSE"
"Is climate change making this disease worse?","ASK_CAUSE"
"Why does it always get worse when it rains a lot?","ASK_CAUSE"
"Main cause?","ASK_CAUSE"
"Reason for this disease?","ASK_CAUSE"
"Cause?","ASK_CAUSE"
"Pathogen type?","ASK_CAUSE"
"Is it seed-borne or soil-borne?","ASK_CAUSE"
"Hi","OTHER"
"Hello","OTHER"
"Good morning","OTHER"
"Thank you","OTHER"
"Thanks, that was helpful","OTHER"
"Ok","OTHER"
"‡∂Ω‡∑ê‡∂∂‡∑î‡∂±‡∑è ‡∂∂‡∑ú‡∑Ñ‡∑ú‡∂∏ ‡∑É‡∑ä‡∂≠‡∑î‡∂≠‡∑í‡∂∫‡∑í","OTHER"
"I will check and come back","OTHER"
"I don‚Äôt have a clear question, just checking the bot","OTHER"
"üëç","OTHER"
"Are you an AI chatbot?","OTHER"
"Explain briefly","OTHER"
"Can you summarise it?","OTHER"
"Just testing the assistant","OTHER"
"Ok I understood","OTHER"
"That explanation was clear","OTHER"
"Please continue","OTHER"
"Stop here, enough","OTHER"
"Not sure what to ask","OTHER"
"I'm only testing your responses","OTHER"
"‡∑Ñ‡∂ª‡∑í, ‡∂≠‡∑ö‡∂ª‡∑î‡∂´‡∑è","OTHER"
"Thank you for the advice","OTHER"
"I will ask more later","OTHER"
"Good bye","OTHER"
"Bye","OTHER"
"Great, thanks","OTHER"
"The weather is mostly rainy and humid these days","OTHER"
"It has been very dry and hot for weeks","OTHER"
"Field is under standing water most of the time","OTHER"
"We are using alternate wetting and drying irrigation","OTHER"
"Nursery stage now, plants are very small","OTHER"
"Crop is at tillering stage","OTHER"
"Near harvest, grains are almost mature","OTHER"
"Plants are in vegetative stage with many tillers","OTHER"
